sales_rep_id,sales_rep_name,email,phone,region,hire_date,performance_tier
1,Leslie Jennings,jonesmaurice@example.com,609-234-5611x8896,North,2016-11-15,Developing
2,David Peters,castrodaniel@example.com,001-752-856-5006x877,East,2024-10-02,Developing
3,Ashley Garcia,daniel60@example.net,733.205.6059x78925,South,2021-09-20,Developing
4,Lisa Booth,terri59@example.net,001-835-249-9653x78790,South,2020-04-30,Average
5,David Anderson,staceyjohnson@example.org,(778)349-9663x8036,East,2016-11-21,High Performer
6,Patricia Burns,ncruz@example.org,554.613.2191x93105,North,2021-11-17,Top Performer
7,Anna Pierce,diane71@example.net,001-828-650-7536,West,2018-10-23,Average
8,Justin Neal,michelle01@example.net,+1-783-741-7861x06643,South,2022-05-22,Average
9,Andrew Nolan,marc93@example.com,802-967-6848,West,2022-03-03,Developing
10,Jennifer Branch,mooreandrew@example.org,302.643.1606,North,2023-12-26,Average
11,Lauren Mckinney,austinbrooks@example.org,586.825.1501,West,2021-10-02,Average
12,Matthew Phillips,dennisgrant@example.com,+1-590-481-8308x927,East,2019-08-09,Top Performer
13,Ashley King,zmiles@example.net,448-723-4229x88212,West,2020-03-23,Average
14,Danny Gray,sallygarcia@example.net,347-516-9393x631,North,2020-04-26,High Performer
15,Kimberly Warren,garrettlisa@example.net,780.978.1520,South,2016-07-05,High Performer
16,Raymond Mcgee,kelseyhudson@example.net,6582313413,West,2019-08-03,Top Performer
17,Pam Clayton,austin45@example.org,9129894882,South,2021-03-13,Average
18,Joseph Nash,leslie13@example.com,(940)785-1920,West,2019-05-24,Developing
19,Martin Gonzalez,jessicaanderson@example.org,(718)812-2105x973,North,2021-06-25,Average
20,Elizabeth Bowen,hsanford@example.com,(543)867-0526,West,2018-01-08,Average
21,Gregory Bradley,hughesjonathan@example.com,384.374.1773x34495,West,2024-07-11,Top Performer
22,John Doyle,johnstonjason@example.org,001-526-934-2105x916,South,2018-06-21,Developing
23,Diamond James,eric80@example.org,001-965-914-2569,South,2021-11-05,Average
24,Sarah Marquez,wmullins@example.net,215.416.0227,North,2018-01-13,Developing
25,Dylan Hanson,xwilliams@example.com,001-471-894-8605x736,South,2016-07-03,Developing
26,Jennifer Price,carol07@example.net,2124987781,South,2019-09-04,High Performer
27,Gregory Potter,clove@example.org,(822)735-0690x644,South,2024-11-04,Developing
28,Shane Silva,fullerlouis@example.com,(647)416-2718x716,North,2022-11-29,Top Performer
29,Michele Griffin,jenniferpugh@example.com,(486)646-4582x47378,East,2016-03-18,Developing
30,Tammy Hamilton,tami09@example.net,001-394-686-7316x601,West,2023-12-17,Top Performer
31,Rachel Fowler,jordankaren@example.org,+1-884-758-7523x63199,North,2024-03-04,Average
32,Donna Spears,james30@example.org,(321)392-4694,West,2023-09-18,Developing
33,Mary Navarro,iboyd@example.org,(816)536-3856,East,2019-05-22,High Performer
34,Krystal Compton,aarmstrong@example.net,(822)973-8700x96954,West,2017-09-25,High Performer
35,Michelle Garcia,estesshane@example.net,991-361-1325x5003,West,2022-07-03,Average
36,Alan Mclean,fernandezjennifer@example.org,(840)820-2292x545,North,2022-01-17,Developing
37,Catherine Flores,jill14@example.net,739.564.4696,West,2023-11-13,Developing
38,Cheryl Stone,michael54@example.net,001-805-661-4360x721,North,2017-04-26,Average
39,Charles Dominguez,gsmith@example.org,001-372-706-6264,North,2022-11-29,High Performer
40,Taylor Dunlap,michaellee@example.net,9734266250,East,2021-02-08,High Performer
41,Dr. Debra Snyder,elizabethhall@example.com,001-991-809-4631,South,2020-06-11,High Performer
42,Adam Tucker,fosterbrooke@example.org,790.442.0324x012,South,2017-05-06,Average
43,Mary Kennedy,tmurray@example.org,934.325.3703x992,North,2016-05-04,High Performer
44,Stephen Grant,vbennett@example.org,987-516-8457x33778,East,2023-12-17,Top Performer
45,Rebecca Adams,ucarter@example.com,001-739-584-8490x30486,South,2020-07-05,Average
46,Joseph Moreno,joshuamitchell@example.com,663.730.2492,South,2022-05-04,Developing
47,Shaun Rich,diazchristopher@example.org,8189568119,East,2022-03-24,Average
48,Christopher Lee,perkinsscott@example.net,3507805467,South,2019-08-10,Average
49,Lisa Morris,vjohnson@example.org,(427)326-9832x80160,West,2018-11-09,Average
50,Cynthia Nixon,jameslauren@example.org,5983095783,South,2024-01-18,Developing
51,Phillip Davis,jjohnson@example.org,(484)604-3583x4849,South,2019-08-08,Average
52,Christy Frank,stevennguyen@example.com,733.651.8104x178,North,2018-11-09,Developing
53,Dawn Long,christopherschroeder@example.com,7159191868,North,2017-11-23,Average
54,Andrew Sanders,rallen@example.org,+1-892-966-8790x991,South,2024-11-11,Average
55,Janet Forbes,dbishop@example.net,(865)795-6698x9845,South,2021-12-11,Average
56,Travis Strong,randalldonna@example.com,(844)362-5364x301,East,2019-05-30,High Performer
57,Brooke Douglas,kathy18@example.org,727.489.9435x979,West,2024-04-10,Developing
58,Cynthia Dudley,amartin@example.com,(604)473-7537x54406,South,2018-02-25,High Performer
59,Robert Black,gregory22@example.net,001-988-456-1732x1684,South,2019-09-09,Average
60,John Martin,fcook@example.com,941.786.4671x7133,East,2024-04-27,Average
61,Jason Lloyd,abigail17@example.org,683-702-7685,East,2023-01-24,Average
62,Anna Watts,todd59@example.org,939.510.2840,North,2021-03-23,Average
63,Nancy Gentry,ogilbert@example.org,(985)322-5278x4086,North,2023-11-18,Developing
64,Tammy Wilson,jessica36@example.net,001-530-793-3197x7899,West,2018-02-14,Average
65,Bill Diaz,kevin55@example.org,486-351-5415x5783,South,2018-04-04,Average
66,Kathy Lewis,williamsjames@example.net,(833)347-6354x54971,East,2018-06-15,Average
67,Joshua Levy,andrew68@example.com,+1-762-516-9311x6359,North,2023-07-29,High Performer
68,Haley Davis,melissawright@example.org,+1-529-417-8798x5455,East,2022-10-21,Average
69,Kara Harrell,youngmichael@example.net,+1-387-596-4567,West,2022-12-12,High Performer
70,Kristi Smith,staceyharris@example.org,+1-814-946-6000x685,West,2017-10-28,Top Performer
71,Christopher Bell,jeffreygraham@example.net,001-206-829-0000x174,West,2019-02-05,High Performer
72,Gary Hull,laurenoneal@example.net,653-702-7232x359,South,2021-03-31,High Performer
73,Mr. Derrick Cole,mcconnelljeffrey@example.net,+1-453-224-0666x21433,North,2020-03-13,Average
74,Alyssa Nelson,oflores@example.org,+1-354-813-7135x4963,North,2019-10-18,Average
75,Nicole Robertson,richardharvey@example.com,(907)261-9359x60802,South,2020-10-26,High Performer
76,Debbie Chapman,obeltran@example.com,001-526-625-5964x06111,East,2021-11-21,Average
77,Michael Hodges,ohoward@example.net,371-412-2828,South,2022-05-03,Average
78,Marc Warner,castrojamie@example.net,366.810.9252x05723,West,2021-07-23,Average
79,Terri Kim,cruztimothy@example.org,909-391-0378x63478,East,2019-10-03,High Performer
80,Matthew Jones,tweeks@example.com,+1-467-912-3590x542,West,2016-08-25,High Performer
81,Wendy Ward,vicki59@example.org,(515)625-5345x055,East,2018-06-13,Top Performer
82,Marie Payne,nathaniel47@example.com,(510)931-8233,West,2020-03-31,Developing
83,Nicholas Espinoza,greentheresa@example.com,961.474.8137,East,2017-09-29,Developing
84,Laurie Smith,anthony95@example.org,526.517.6009,South,2015-12-26,Average
85,Jody Williams,elizabeth99@example.org,+1-605-483-2120,West,2023-05-14,Developing
86,Alexander Conway,katherine52@example.com,+1-547-686-4887,East,2019-01-24,Average
87,James Sutton,markwheeler@example.org,(666)798-8851,North,2017-02-09,Developing
88,Crystal Patterson,gavin58@example.net,585.386.6023x68328,West,2019-04-24,Average
89,Thomas Perez,jeffrey65@example.net,+1-253-436-4908,East,2019-06-07,Developing
90,Jacob Reese,perkinsamy@example.com,667.558.6623,North,2022-04-21,High Performer
91,Kevin Martinez,toddronnie@example.com,491.723.9885x7475,West,2020-06-03,Average
92,Ann Davidson,marycooke@example.com,310.810.1873x2933,East,2022-04-11,Average
93,Christian Scott,joseph98@example.com,721-972-3676x8108,West,2023-04-22,High Performer
94,Manuel Velasquez,jpowell@example.org,001-796-260-8056,South,2020-08-31,High Performer
95,Angela Malone,ztran@example.net,417.776.2244x568,East,2017-05-10,Developing
96,Jocelyn Allen,ashleysmith@example.net,4424861663,West,2016-04-14,High Performer
97,Patricia Dunlap,griffinrobin@example.net,853.729.7815x2427,West,2021-04-17,High Performer
98,Mr. Matthew Bell MD,nbrady@example.org,+1-389-786-6692x61334,North,2018-05-11,Top Performer
99,Crystal Murphy,dwagner@example.net,001-825-774-2227x1294,North,2017-01-02,High Performer
100,Benjamin Singleton,krausemitchell@example.com,418-787-4722x4987,South,2016-07-08,Average
101,Brandon Williamson,owalker@example.com,361.204.3258,South,2019-05-23,Developing
102,Brian Brown,rperez@example.com,(204)649-7023x91640,West,2022-11-17,Average
103,Carlos Mcgee,heather68@example.net,001-276-378-3925x5144,South,2019-11-21,High Performer
104,Laurie Chapman,bradley33@example.net,+1-654-706-5374x373,East,2021-12-06,Developing
105,Devin Reese,thomas05@example.org,+1-513-603-5662x1763,East,2022-04-14,Average
106,Steven Hernandez,randalljimenez@example.net,(275)254-9969x35821,North,2024-01-06,High Performer
107,Julie Riley,james79@example.com,797.646.3842,North,2018-12-03,High Performer
108,Mrs. Brittany Bartlett DDS,katie88@example.com,202.918.7611,West,2022-08-10,High Performer
109,Tyler Smith,lauraalexander@example.org,5514288272,East,2016-07-15,Top Performer
110,Carrie Romero MD,olee@example.net,+1-376-538-0482x993,South,2019-07-23,Developing
111,Michelle Smith,icopeland@example.net,478-208-1726,North,2017-05-12,Average
112,Leslie Schwartz,michaelfowler@example.com,9856359687,North,2019-06-08,High Performer
113,Marissa Cummings,danieldavis@example.com,747-225-6041x02188,South,2017-03-23,Average
114,Michael Grimes,hernandezrichard@example.net,516.733.8928x037,South,2016-05-11,Developing
115,Benjamin Soto,vobrien@example.net,001-638-288-3998x69406,South,2022-05-31,Average
116,Dawn Hayes,david39@example.org,(527)550-2911,South,2018-12-29,High Performer
117,Dana Taylor,xbriggs@example.com,829.345.4471,South,2020-06-22,High Performer
118,Krystal Butler,jesse24@example.com,+1-818-902-3680x0250,West,2024-01-29,Developing
119,Michael Taylor,barneskevin@example.com,417-853-7379x67921,South,2024-02-16,High Performer
120,Pamela Stone,pattersonvictoria@example.org,209-642-9411,West,2016-07-16,High Performer
121,Mark Holland,robert49@example.net,354.414.3784x5030,West,2023-08-24,Top Performer
122,Mark Wilson,lfoster@example.org,727.694.1820x24630,South,2017-12-04,High Performer
123,Kathryn Mitchell,rwright@example.net,(628)961-7665,North,2023-01-17,Developing
124,Mr. Brent Harmon,joseph70@example.com,893-405-1342x0451,West,2022-12-30,Average
125,Jeffrey Russell,matthew02@example.com,291-765-1822,West,2021-07-07,Top Performer
126,Melissa Branch,chavezwhitney@example.org,(719)547-3011x728,North,2018-05-31,Average
127,Darrell Holloway,yolson@example.org,(248)787-7211x0194,West,2017-12-08,Average
128,Isaiah Thompson,kwright@example.com,(468)662-7105x04803,East,2019-05-25,Average
129,Sharon Snyder,kerrkevin@example.com,691-939-1415x9185,North,2019-01-02,Developing
130,Tiffany Williams,clementsshawn@example.net,660.320.6484,East,2018-04-20,Average
131,Kristin Salazar,johnsonlauren@example.net,(880)576-1200,West,2016-02-27,High Performer
132,Kimberly Green,christopher52@example.org,+1-666-450-7639x2095,North,2018-02-19,High Performer
133,David Crosby,william83@example.org,(501)860-6778x389,North,2019-07-21,Average
134,Nicole Burnett,tracybates@example.net,+1-902-648-8652,North,2016-05-30,Top Performer
135,Dr. Lindsay Ross,jshepard@example.net,+1-554-286-7177x195,East,2017-11-28,Average
136,Veronica Thomas,jennifer02@example.com,9023699467,South,2019-02-03,High Performer
137,Laurie Nguyen,hwilliamson@example.com,647-513-2811x479,South,2018-01-12,Average
138,James Reynolds,dawn25@example.com,(511)224-9452,South,2017-06-29,Average
139,Michael Fletcher,deanrachel@example.com,(310)654-4500,West,2017-09-14,Average
140,Jerry Morris,joyce84@example.net,(703)385-7004x17500,North,2017-09-17,Top Performer
141,Dorothy Myers,christopher30@example.com,635.852.5076x23917,West,2019-08-07,Average
142,James Warren,patriciabrown@example.org,+1-627-917-0174x15794,North,2020-11-07,Top Performer
143,David Cunningham,kimberly22@example.net,317-512-1816x203,West,2019-05-30,Average
144,Linda Ford,jesuscarter@example.com,769.327.1654,South,2017-09-24,Average
145,Lindsay Serrano,lowekathleen@example.org,001-327-599-8638,West,2017-08-02,Average
146,Gilbert Gray,cisnerosrobert@example.org,+1-565-220-9551x1575,North,2021-12-12,High Performer
147,Daniel Sanders,stevensmaria@example.org,(775)990-6542,North,2017-04-09,High Performer
148,William Williams,james26@example.org,864.555.1935x85626,West,2016-07-30,Average
149,Timothy Carter,suzannemiles@example.org,(253)608-1902x3216,North,2024-11-01,Average
150,Tina Ellis,jchase@example.com,5642172765,North,2019-01-03,Average
151,Clayton Ramirez,taylor02@example.net,309.231.1342x2125,East,2017-10-27,Developing
152,Mark Hayes,maurice21@example.net,588.791.9295,South,2022-01-21,High Performer
153,Patrick Powers,xlewis@example.net,(826)883-8941,West,2020-02-12,High Performer
154,Carol Ballard,qholmes@example.org,795.504.2187x1622,East,2021-09-29,Top Performer
155,Philip Hall,edonovan@example.net,6124947552,South,2020-05-04,High Performer
156,Matthew Johnson,courtneygonzalez@example.com,3466095933,East,2018-09-26,Average
157,Nicole Mendoza,michael41@example.org,001-542-243-3159x8636,East,2023-04-29,High Performer
158,Cameron Heath,allenbarry@example.com,236-421-1654x2395,East,2021-09-07,High Performer
159,Richard Smith,douglaspatricia@example.org,289-479-6604x1692,South,2021-10-06,High Performer
160,Denise Rose,umanning@example.org,6012899609,East,2022-03-19,High Performer
161,Katherine Zimmerman,michaelgomez@example.net,(603)999-5004x5521,East,2021-01-30,Average
162,Danielle Potter,vgibbs@example.net,308.901.2412x4486,West,2016-08-23,Developing
163,Timothy Webb,teresaallen@example.org,001-863-855-9977x867,North,2019-03-29,High Performer
164,Jennifer Khan,jamessmith@example.com,001-464-491-7407x7917,South,2020-11-20,Average
165,Kaitlyn Mack,thorntonwilliam@example.net,(461)932-0853x6942,East,2020-08-12,Developing
166,Kristina Dillon,adamcook@example.net,(455)342-9104,West,2020-01-18,Average
167,Tiffany Pope,heatherparks@example.com,404-720-3181x7046,South,2022-05-03,Developing
168,Michele Jones,njohnson@example.net,656-219-7174,South,2017-09-14,Top Performer
169,Chad Martinez,courtneyhudson@example.org,720-256-5039x4360,South,2018-11-13,Average
170,Debra Vaughn,charles13@example.com,+1-962-481-5387x4076,North,2020-02-19,Average
171,Melissa Smith,gibbsmichael@example.com,964.959.6025x504,North,2018-09-03,Developing
172,John Robinson,joybarnes@example.com,942-732-8837x26527,North,2024-02-14,Developing
173,Kenneth Pruitt,qparks@example.org,955-293-8951x839,West,2023-04-19,Top Performer
174,Amy Sanchez,hmichael@example.net,3449794839,East,2020-03-12,High Performer
175,Jaime Lopez,susan51@example.com,916.444.3163,West,2019-01-06,High Performer
176,Rachel Finley,sandra48@example.org,+1-926-752-4533x407,West,2019-12-21,High Performer
177,Stephanie Thomas,glee@example.org,333-385-4271x405,West,2021-09-23,High Performer
178,Nicole Wright,sandrahansen@example.org,996-249-7959,North,2017-04-28,High Performer
179,Dr. Katie Bailey DVM,krodriguez@example.com,396-296-6240x42993,West,2020-06-07,Top Performer
180,Katherine Miles,ramosannette@example.com,001-290-260-9445x7957,North,2018-07-15,Top Performer
181,Curtis Coleman,ppayne@example.net,(834)367-3985x7948,East,2015-12-10,High Performer
182,Jeffrey Graves,cheryl71@example.com,346-638-3213x09680,West,2018-12-12,Average
183,Michael Bates,swilliamson@example.org,+1-331-768-8523,South,2017-02-08,Developing
184,Lisa Smith,lisa55@example.com,001-456-511-8394x189,North,2018-01-25,High Performer
185,Christopher Jennings,martinezthomas@example.net,(520)411-5440,West,2022-05-23,Average
186,Anthony Glenn,ayalakaren@example.org,291.298.8107x52417,North,2024-02-19,High Performer
187,Barbara Rodriguez,frobinson@example.org,926-779-8230,West,2021-08-19,Average
188,Kevin Davis,elee@example.org,989.850.5076x8275,East,2021-10-04,Average
189,Dalton Thomas,amandaelliott@example.com,9864118582,South,2019-05-19,Average
190,Brenda Quinn,lowerytony@example.com,+1-258-475-6576x0226,North,2020-05-22,Developing
191,Hailey Hopkins,robinsonandrea@example.org,627.272.8007x6826,East,2023-03-09,Top Performer
192,Rachel Mooney,spatrick@example.org,+1-584-520-3937x399,East,2023-12-12,High Performer
193,Isaac Jones,timothy28@example.org,8098806639,North,2023-04-18,High Performer
194,Nicole Moreno,melissa33@example.org,700.457.3154x8357,North,2018-05-16,Average
195,Mr. Darren Schultz Jr.,harriskaren@example.com,607-957-7130x6651,East,2023-12-11,Top Performer
196,Chase Whitney,jeanettejensen@example.org,(757)476-4914,East,2016-05-10,High Performer
197,Jonathan Drake,zwise@example.com,7345376891,North,2024-01-03,Developing
198,Kristi Cunningham,desiree02@example.org,001-670-938-2441,North,2021-06-24,Average
199,Justin Smith,victoria00@example.com,529.811.7012,North,2021-02-15,Average
200,Lori Zimmerman,victor11@example.com,+1-510-761-3466x131,South,2020-05-27,Developing
201,Scott Woodard,vincentestrada@example.net,+1-802-460-2124x9787,North,2021-02-16,High Performer
202,Sharon Nelson,imarquez@example.org,(262)243-4612x19737,North,2016-09-05,Average
203,Brian Smith,vodonnell@example.net,(962)833-2106x271,South,2018-08-13,Average
204,Mark Jacobson,frostjennifer@example.com,(662)605-7282,North,2016-11-25,High Performer
205,Derrick Stone,patriciawilson@example.net,+1-558-349-2695,South,2017-11-11,Developing
206,Sabrina Ball,michael86@example.org,820-875-4488x143,West,2016-05-31,Developing
207,Michael Jones,randolphemma@example.net,578-776-5068x04899,East,2018-12-17,Developing
208,Jonathan Jordan,alisonhooper@example.net,490.405.6549x13934,South,2016-10-02,High Performer
209,Frank Cole,aelliott@example.net,346.643.7350,South,2023-09-02,High Performer
210,Erica Reynolds,petercabrera@example.net,(853)206-2713,North,2016-05-09,Average
211,Julie Davis,kathleen85@example.org,221.247.5535x435,South,2024-08-02,High Performer
212,Kyle Robbins,hollyfreeman@example.org,+1-425-565-8326,East,2018-03-10,Developing
213,Brittany Mcdowell,alexandrasmith@example.org,001-286-231-3778x12349,West,2017-04-23,Average
214,Joy Cardenas,srobinson@example.net,455-823-4334x97379,South,2016-02-24,Developing
215,Joyce Thomas,mayjohn@example.net,945-218-0648x8150,East,2020-09-19,Average
216,Daniel Wise,mcleanseth@example.net,(412)669-6051x56664,East,2024-07-14,Average
217,Patrick Young,sarah79@example.com,368-397-0068x981,East,2024-09-13,Average
218,Zachary Moore,denisegriffin@example.com,+1-612-443-3716x6450,North,2021-11-08,High Performer
219,James Trujillo,kayla95@example.com,948-712-7429x8484,North,2020-09-01,High Performer
220,Kristy Reese MD,jody31@example.net,2012777419,East,2017-08-08,Developing
221,Toni Rojas,bishopscott@example.com,457.270.7323x015,East,2016-02-21,Developing
222,Christopher Mcdaniel,monica53@example.com,640.300.2111x9325,North,2017-07-04,High Performer
223,Daniel Anderson,zhamilton@example.net,522-725-8573,West,2017-02-16,Average
224,Tiffany Clark,opacheco@example.net,(823)270-2219x35593,North,2020-11-03,Average
225,Gregory Williams,suzannedavidson@example.net,311.590.7805x3340,South,2021-09-04,High Performer
226,Samuel Finley,derrick55@example.net,+1-953-932-6511x47007,East,2021-07-16,Top Performer
227,Craig Tucker,jenniferjohnston@example.net,6405406860,West,2016-08-31,Top Performer
228,Kelly Mendoza,jasminehardy@example.org,706-540-5281x8467,North,2016-05-06,High Performer
229,Blake Blankenship,allisonmiles@example.net,(548)801-6045,North,2023-08-21,Top Performer
230,Christopher Stein,jackreese@example.net,+1-340-982-6313x7780,North,2022-08-05,High Performer
231,Kendra Wells,amyferguson@example.com,949.893.5220,North,2016-05-03,Average
232,Shane Davis,cmcfarland@example.net,763.718.2082,West,2019-01-22,High Performer
233,Devin Bartlett,april09@example.net,818-273-4715x62705,South,2018-09-20,High Performer
234,Cindy Barker,brandyyates@example.org,(995)400-1969,South,2023-03-05,High Performer
235,Robert Brown,clarkmark@example.com,(536)461-4382x11846,North,2016-10-17,Developing
236,Tonya Clay,hharris@example.net,366-437-3376,North,2016-07-02,Average
237,Nicole Ritter,lorigillespie@example.org,001-334-475-9195,South,2024-02-05,Top Performer
238,Maria Mcbride,amy84@example.com,280-685-4727,South,2016-02-15,Developing
239,Carol Hernandez,wilsonpaul@example.com,511.924.0066,South,2022-02-06,High Performer
240,Michael Carrillo,ericavelez@example.org,978.625.5171,West,2021-09-10,High Performer
241,Todd Sanchez,johnsonjonathan@example.org,(742)285-1043x5277,North,2021-11-01,Developing
242,Laura Kennedy,ryangill@example.net,(370)546-2150x62564,North,2016-07-05,High Performer
243,Glen Meyers,kbruce@example.org,(954)246-6677x86350,South,2022-05-18,Developing
244,Donald Anderson,gail51@example.net,(231)382-3906x9916,North,2021-01-11,High Performer
245,Amanda Williams,perryronald@example.net,907-714-3031x994,West,2021-01-29,Average
246,Kelly Delgado,hendersoncandice@example.com,(669)769-5264x12216,North,2019-02-08,Average
247,Timothy Graves,bstewart@example.com,7608208562,West,2022-06-11,High Performer
248,Penny Butler,acoleman@example.net,292.717.3239,South,2021-01-20,High Performer
249,Colleen Gregory,jenniferhuerta@example.com,(340)484-9164,East,2018-02-25,Top Performer
250,Sonya Brown,lauramurillo@example.org,+1-512-438-5804x6263,West,2017-03-23,Developing
251,Dana Lopez,brownlisa@example.org,001-721-994-8755x734,East,2019-04-10,Average
252,Bryan Strong,scott38@example.com,(760)253-4320,West,2023-03-07,Top Performer
253,Jill Flores,jonathan33@example.org,(734)930-3370x06143,South,2017-09-20,Average
254,Joseph Molina,candice55@example.org,(674)471-7880x71254,North,2021-04-07,Average
255,John Williams,cfowler@example.net,001-369-263-5466,North,2016-04-23,Developing
256,Christopher Nielsen,janet52@example.com,(753)697-3426x88133,East,2021-12-26,High Performer
257,Charles Oliver,fitzpatrickshirley@example.org,(648)493-7153,South,2016-08-11,Developing
258,Amber Wright,oconnormarc@example.net,+1-515-293-7528,North,2022-05-28,High Performer
259,Jesse Martin,meganschneider@example.org,534.511.1093x752,South,2019-03-15,Average
260,Kevin Brown,haydenjoshua@example.net,+1-271-966-2358,East,2020-02-01,Average
261,Pamela Powell,anthony43@example.org,5696262557,East,2018-02-14,Developing
262,Stephanie Smith,kennethmoore@example.net,(208)391-1875x2857,South,2024-06-27,Developing
263,Kenneth Jimenez,gibbsjames@example.com,001-277-412-2769,West,2023-09-13,High Performer
264,Anna Olson,angelaball@example.net,434.259.3762,South,2022-08-05,Average
265,Carl Roberts,matthew74@example.net,001-746-976-0429x757,North,2017-05-27,Average
266,Nathan Frazier,andrea84@example.com,744-948-2178,West,2019-11-14,Average
267,Jonathan Mcbride,gary14@example.net,(445)468-3039,West,2018-11-22,High Performer
268,Natasha Smith,brendapeters@example.net,4678471500,North,2021-05-02,High Performer
269,Christine Cantrell,ujohnson@example.org,505-837-1006x6204,North,2022-01-11,Developing
270,Jose Mills,brandi95@example.com,931-842-3097x56690,East,2023-07-18,High Performer
271,Debra Goodman,srobertson@example.org,408-882-3887x27675,West,2018-10-09,Average
272,Kevin Robinson,richard47@example.com,001-777-281-1270x550,South,2018-09-19,Average
273,Meredith Ramirez,alutz@example.com,(870)210-2707,South,2024-09-17,High Performer
274,John Martinez,cranematthew@example.net,001-814-971-1076x7381,East,2016-07-24,High Performer
275,Melissa Martinez,acarter@example.com,(422)250-7271x84047,South,2020-02-09,Average
276,Lisa Villa,nicoletanner@example.net,+1-357-726-3272x89074,North,2021-02-09,Average
277,John Kerr,kristopherwalter@example.org,(891)894-4671,West,2022-12-04,High Performer
278,Michael Walters,zachary83@example.net,+1-769-970-0978x9716,West,2019-08-17,Top Performer
279,Daniel Harris,reedmichael@example.com,+1-569-726-1290,West,2016-11-05,Average
280,Miss Donna Carr,sherrywalker@example.net,922.493.9183x442,West,2021-12-15,High Performer
281,Andrea Stevens,christopheribarra@example.org,+1-750-379-9312x8963,South,2018-05-06,High Performer
282,Nicole Flores,uchristensen@example.com,001-300-878-9341,West,2024-01-31,Average
283,Charles Robles,zcollins@example.com,001-884-519-2339x453,West,2024-08-22,Average
284,Glenn Jordan,felicia72@example.com,001-737-476-0051x297,East,2019-09-19,Developing
285,Mr. Brandon Giles,zacharylucas@example.org,584.470.2936x3915,East,2023-12-06,Developing
286,Amy Bryant,othompson@example.com,498.994.0398x807,West,2022-07-06,Average
287,Jason Gonzalez,bateskristina@example.net,001-339-237-3094x318,East,2024-10-20,High Performer
288,Carmen Garcia,imeyer@example.org,+1-325-405-5762x23167,East,2021-08-07,High Performer
289,Debra Johnson,james36@example.net,528.350.6666,North,2018-12-14,Average
290,Samuel Johnson,uhunter@example.org,001-879-773-2397x0795,North,2019-05-05,High Performer
291,Audrey Wyatt,dpineda@example.org,7864716508,West,2018-07-21,Average
292,Richard Kelly,vgibson@example.com,001-980-821-7464x69271,South,2017-12-04,Developing
293,Richard Roy,mark29@example.com,643.765.7355,East,2021-01-29,High Performer
294,Alex Walker,susanbrooks@example.com,724-323-9887x1195,North,2017-07-15,Average
295,Kristin Smith,kevin57@example.net,001-726-725-7526x926,East,2021-10-06,High Performer
296,Mary Richardson,kaguilar@example.net,524-650-5624,West,2021-05-11,Developing
297,Shannon Todd,pmiller@example.net,971-738-0341,South,2021-05-31,High Performer
298,Billy White,garcialisa@example.net,(860)248-8596x01724,South,2024-11-13,Average
299,Renee Scott,qarias@example.org,001-670-935-2935,East,2018-10-14,Average
300,Joseph Davila,veronica64@example.org,727.893.7679x05501,East,2017-12-22,High Performer
301,Elizabeth Campbell,chelseacoleman@example.net,7985859082,North,2017-11-23,Average
302,Matthew Miller,kristi96@example.net,659-380-1894x0148,North,2019-01-03,Developing
303,Sarah Harris,kevinstone@example.com,+1-721-776-7713,South,2024-04-03,Average
304,Gerald Parrish,bruce42@example.org,001-738-934-9426x888,South,2020-08-10,Average
305,Aaron Patel,lyonsmichael@example.net,(458)213-9269,West,2021-03-06,High Performer
306,Dustin Delacruz,xgraves@example.net,(362)349-0179,North,2020-09-08,Average
307,Kathleen Bright,sarah91@example.com,706-773-6768,North,2018-08-30,Developing
308,Joel Leon,harrisonmadison@example.net,791-813-1152,South,2020-07-20,Average
309,Joe Dixon,woodslori@example.com,3274169015,East,2024-02-28,High Performer
310,Samantha Wright,brenda62@example.org,001-225-447-6596,South,2021-05-13,Average
311,Nathaniel Rivera,pwatson@example.org,001-251-400-0842x959,South,2016-09-08,High Performer
312,Chris Hensley,staceyharvey@example.com,001-513-516-2664x78364,East,2023-05-13,Developing
313,Michael Bradley,angelaserrano@example.org,(358)675-2960x841,South,2018-12-20,High Performer
314,Jessica Carr,monica48@example.org,+1-757-409-1635,East,2019-07-29,Average
315,Tyler Knight,craneemily@example.org,(686)821-1145,West,2024-01-19,Top Performer
316,Timothy Porter,christinagibson@example.net,787-338-6373,North,2016-06-06,Developing
317,Richard Lopez,mollyruiz@example.net,878.674.8772x2028,North,2021-12-27,Average
318,David Martin,zachary92@example.org,955.753.5529x5681,West,2020-11-26,Average
319,Chad Gonzalez,derekrivera@example.com,+1-986-799-4741x128,West,2021-12-08,Developing
320,Patricia Ali DVM,khubbard@example.net,940-516-2268,East,2018-01-22,Developing
321,Brandon Ward,nortonbrandon@example.com,001-628-581-0936x258,North,2016-12-01,High Performer
322,Dr. Jeremy Brown,kevans@example.org,+1-998-511-6818x21576,South,2018-04-05,Developing
323,Michele Perry MD,lori88@example.com,857-734-8329,South,2017-02-07,Developing
324,Brent Lopez,stephaniebenitez@example.net,001-980-662-7574x495,North,2017-11-03,Developing
325,Andrew Morris,ireed@example.net,+1-568-352-9119,West,2021-03-04,Developing
326,Sarah James,silvakristy@example.net,952.583.6163,South,2023-09-16,Average
327,Michelle Robinson,hardywillie@example.com,001-495-232-3073x74570,South,2017-12-14,High Performer
328,Kevin Olsen,lsims@example.org,+1-842-409-0283,South,2016-08-18,Developing
329,Tami Lewis,amyrichardson@example.org,(565)266-8811x35773,West,2016-10-30,Developing
330,Tyler Olsen,martinezkathleen@example.org,+1-617-611-9218x89433,West,2023-11-18,Average
331,Kaitlyn Kerr,jamiejackson@example.com,817-567-8931x95471,West,2019-02-22,Developing
332,Maria Griffin,qjames@example.com,+1-997-966-6397x9715,West,2020-03-31,Developing
333,Michael Lewis,barrettpaula@example.com,949-723-7369x72312,South,2018-10-06,High Performer
334,Christina Horn,gabrielgarcia@example.org,829-460-9754x3613,West,2021-07-11,High Performer
335,James Gonzales,imiller@example.net,001-691-269-0687,East,2018-01-10,High Performer
336,Keith Berger,chapmanheidi@example.org,825-936-1071x8267,East,2020-04-21,High Performer
337,Christina Chavez,mark70@example.com,(333)258-0227,South,2023-10-14,Developing
338,Megan Patton,wmccoy@example.net,269.841.3551x937,South,2020-01-25,Top Performer
339,Jonathan Baker,nduarte@example.com,(616)674-2405,East,2015-12-07,High Performer
340,Raymond Williams,matthewparks@example.org,2692363261,North,2019-09-05,Average
341,Michael Ferguson,sgordon@example.org,001-873-211-7227,North,2024-03-25,Average
342,David Shaw,cindy96@example.org,(371)581-8390x122,North,2023-06-21,High Performer
343,Terry Powell,russellmeyers@example.net,(347)697-6340,North,2017-06-04,Developing
344,David Koch,rodgersshawna@example.com,001-334-738-6776,South,2024-06-04,Developing
345,Judith Hudson,cohenchristian@example.net,643.622.5088x8044,East,2023-05-22,High Performer
346,Jason George,ksutton@example.net,001-507-494-8661,North,2022-03-03,Average
347,Jason Atkins,tyler64@example.com,4986745666,West,2024-07-27,High Performer
348,Brandi Frye,jenna41@example.net,(314)275-0951x4447,South,2023-10-02,High Performer
349,Dr. John Lee,shawnwong@example.com,371.319.6901x32204,South,2017-12-17,Developing
350,Eric Stewart,hernandezjennifer@example.com,+1-660-649-0674x281,East,2024-03-28,Average
351,Henry Anderson,kwood@example.org,(370)521-0949,East,2024-04-28,Developing
352,James Baker,samuel58@example.com,332-936-4064,North,2021-12-26,High Performer
353,Jodi Riggs,tyler17@example.com,9976022840,West,2023-04-14,High Performer
354,Anthony Murray,jlang@example.com,426.428.0446x80572,East,2024-03-03,Average
355,Shawna Richard,tammysmith@example.org,769-821-5978,North,2016-07-21,Average
356,Mark Clay,kylewheeler@example.org,(366)474-4515x33285,South,2017-08-27,High Performer
357,Karen Lambert,kennethrogers@example.org,555.462.6973,South,2023-07-28,High Performer
358,Bianca Thomas,kimberly64@example.org,770.842.5711,West,2017-06-26,Developing
359,Robert Trevino MD,ashleypeterson@example.com,001-844-395-8661x4850,West,2017-05-30,Average
360,Robert Lowery,wgriffin@example.org,464.931.0266x783,East,2021-11-12,Developing
361,Jason Schneider,ortizpatricia@example.net,5187695501,South,2016-10-23,High Performer
362,Henry Berger,mmarshall@example.org,347.246.2277x4069,West,2022-04-15,Developing
363,Phillip Vazquez,lowekenneth@example.net,360-773-8838,West,2017-04-16,Developing
364,Johnny Chang,gbowen@example.com,466.395.1117,East,2024-01-30,Average
365,Michael Cruz,thomasstevens@example.com,(656)868-9034x0794,West,2023-11-18,High Performer
366,Adam Smith,blakejason@example.net,001-249-475-5518x255,South,2016-02-26,Average
367,Paula Kim,justin71@example.org,(964)643-6289x5047,North,2018-06-06,Average
368,Katherine Kerr,patrick37@example.net,001-214-660-2444x0986,South,2017-10-23,High Performer
369,Rebecca Martin,austin72@example.com,609-631-0491x4555,South,2022-05-04,Developing
370,Sandra Mills,gpoole@example.org,559.764.8701,South,2024-10-13,Average
371,Joseph Matthews,yharris@example.net,(382)695-5819x27902,North,2024-01-25,Top Performer
372,Kimberly Soto,amber36@example.org,(360)915-3727,North,2016-04-22,High Performer
373,Linda Moore,johnsonmatthew@example.org,(434)928-4540,North,2021-09-16,Average
374,Randy Gonzalez,carrielucas@example.org,750.327.7599x80790,South,2023-10-10,Top Performer
375,Lauren Lester,xcowan@example.net,7003619963,South,2018-03-20,Developing
376,Laura Brown,collinslauren@example.com,(357)770-2380x341,South,2023-01-26,High Performer
377,Anne Ramos,ewood@example.com,(640)279-4942,North,2020-09-23,High Performer
378,Douglas Goodman,farleysamantha@example.net,392-218-9029x74799,West,2016-01-20,Average
379,James Marks,bridgeskenneth@example.org,441-723-8842,North,2018-05-20,High Performer
380,Kimberly Leblanc,lisa50@example.net,(772)889-0945,North,2021-10-09,Average
381,Katrina Elliott,pmathews@example.net,830.561.0530x935,East,2021-12-21,High Performer
382,Elizabeth Vaughn,gchambers@example.org,(370)936-7399x725,West,2021-12-17,High Performer
383,Katie Clark,maureen19@example.org,(922)974-8404,North,2023-10-25,High Performer
384,Terry Rodriguez,tlyons@example.org,(231)810-5497,West,2023-07-29,Top Performer
385,Anthony Vasquez,david30@example.com,911-829-9276x038,North,2018-01-15,Average
386,Aaron Cook,walterskiara@example.net,+1-991-456-5777,East,2017-01-02,High Performer
387,Michael Gallagher,johnnydaniel@example.com,769.430.2814x4048,East,2016-11-22,Average
388,Anthony Allen,tabitharose@example.org,+1-990-662-8369x7504,East,2020-08-05,High Performer
389,Christopher Stuart,nicole55@example.com,(896)642-7243x948,South,2019-09-18,Developing
390,Phillip Rice,davidharrington@example.com,001-912-986-6982x070,West,2023-07-27,High Performer
391,Lisa Moore,brandon64@example.com,+1-387-394-0057x99279,West,2016-11-04,High Performer
392,Anthony Martin,robinsontony@example.net,751.810.3369,South,2023-04-17,Average
393,Timothy Hall,shafferkenneth@example.net,673-528-6498,North,2016-08-12,Average
394,Sydney Smith,mooredaniel@example.net,001-729-801-8412x786,East,2019-12-01,Top Performer
395,Jerome Williams,shannonross@example.net,001-258-418-0675,West,2024-01-04,High Performer
396,Alexandra Mitchell,williamsbarbara@example.org,+1-847-739-3263x9856,East,2022-12-31,Average
397,Sheila Lopez,ojohnson@example.org,6692970502,East,2022-02-09,Developing
398,Nicholas Donaldson,mstephens@example.org,429.539.0366,North,2023-04-08,Average
399,Brett Moore,melissa42@example.net,(227)654-0580,East,2016-10-18,Average
400,Tiffany Wilson,ofletcher@example.com,278-259-1464x11781,East,2018-03-25,High Performer
401,Melissa Kelly,amy22@example.net,769.351.8371x138,North,2024-07-22,Developing
402,Lucas Potter,robin56@example.org,+1-876-509-0127x064,West,2024-06-20,Average
403,Jordan Patterson,pfrost@example.net,6608217965,North,2022-05-21,High Performer
404,Nicholas Hampton,leesarah@example.com,739.723.5684x5947,South,2019-10-06,Developing
405,Jason Braun PhD,kylesmith@example.com,+1-605-709-9564,West,2020-10-06,Average
406,Jacob Price,david86@example.com,001-351-550-8646x7409,East,2022-04-14,Average
407,Amanda Rodriguez,daniel36@example.org,3346926919,South,2021-12-14,Developing
408,Deanna Contreras,austinmacias@example.com,+1-245-690-1562x6624,South,2017-02-02,Developing
409,Chelsey Villarreal,roy69@example.com,001-738-637-6013x4276,West,2020-03-31,Developing
410,Daniel Hansen,frypeter@example.com,001-700-884-7488x71858,North,2022-11-05,Average
411,Mike Carlson,ambermayo@example.net,+1-952-803-1544x278,West,2021-08-27,Average
412,Dylan Smith,curtispatrick@example.net,989.949.6268x834,West,2023-05-05,High Performer
413,Diane Sullivan MD,jessicataylor@example.net,001-408-859-2243,West,2016-04-05,High Performer
414,Connor Browning,elizabethsawyer@example.org,(957)816-2847,East,2023-06-05,High Performer
415,Stephanie Leonard,guzmanmichael@example.org,+1-480-929-8864x77573,West,2023-07-16,Developing
416,Elizabeth Macias DVM,amberramirez@example.net,548.714.9826x549,West,2024-07-10,Average
417,Glenn Mendoza,lopezandrew@example.net,516.988.8569x01158,East,2017-05-25,Developing
418,Samuel Castro,deborah14@example.net,886.789.4759x52857,South,2024-06-04,Average
419,Hector Lowery,jeffrey26@example.org,(631)550-0325x47013,West,2022-06-18,Average
420,Joseph Larson,bradleywilson@example.net,591.748.2679,West,2024-08-13,Developing
421,Jessica Nelson,brightwendy@example.net,(494)476-6610x263,East,2016-11-02,Average
422,Chase Lloyd,daniel30@example.net,001-319-855-6365x08650,South,2024-03-16,High Performer
423,Randy Johnson,sthompson@example.org,(936)975-8471,East,2018-04-07,Average
424,Stephanie Barnett,tbryant@example.com,001-862-544-7301x60087,East,2024-02-24,Developing
425,Kyle Chavez,frankfisher@example.net,291.921.4207,North,2017-06-26,Top Performer
426,Daniel Young,charles71@example.net,+1-461-916-8748x76486,North,2016-11-06,Top Performer
427,Kimberly Gardner,brianhunt@example.net,429-961-8857x7160,South,2018-03-22,High Performer
428,Rhonda Stout,cheryl62@example.com,550-736-6340x1690,East,2017-03-20,Average
429,Kristen Evans,curtisaudrey@example.com,001-987-423-8389,North,2023-07-07,High Performer
430,Allison Lopez,hunterwalsh@example.org,+1-280-247-7679x33879,North,2020-03-31,Average
431,Randy Richardson,rtaylor@example.net,001-762-528-4001x637,West,2020-06-27,Top Performer
432,Ronald Martin,uperez@example.net,907.963.5597,West,2024-05-06,Average
433,Luis Aguilar,amber98@example.net,001-593-701-0597x4840,North,2016-03-29,High Performer
434,Christopher Taylor,billy79@example.com,001-899-749-0110x84822,East,2016-04-24,High Performer
435,Steven Singh,taylor82@example.org,266-357-4725x27316,West,2019-09-29,High Performer
436,Andrew Olson,ann09@example.net,496.983.6110x209,North,2016-01-15,Top Performer
437,Jill Salazar,david15@example.com,532.234.1996x577,East,2023-04-26,Average
438,Peter Marshall,millssarah@example.com,(459)388-5601x5295,North,2018-02-03,Top Performer
439,Peter Jackson,zfranco@example.com,955.704.1761,West,2018-04-23,High Performer
440,Jason Edwards,nathan81@example.net,517-410-6542x2568,South,2018-07-11,Top Performer
441,Chase Holt,raymondtodd@example.org,910-584-9910x0262,West,2017-10-12,Average
442,Dr. Francisco Price,brittanyarmstrong@example.net,+1-242-209-1935x7529,East,2021-01-08,High Performer
443,Kimberly Martin,tray@example.net,(265)418-1587,South,2020-11-23,Average
444,James Gray,cooleychristopher@example.com,001-803-626-7236x258,West,2024-07-17,Average
445,Veronica Gonzalez,athompson@example.net,001-543-403-8153x98341,North,2020-11-09,Average
446,Brianna Caldwell,curtisnicholas@example.com,+1-241-709-3490,West,2017-12-30,High Performer
447,Kimberly Woods,rodneyingram@example.net,(267)495-0831,West,2023-03-09,Average
448,Christina Madden,adoyle@example.com,588-699-7343x133,East,2020-11-29,Average
449,Lindsay Wood,steelebriana@example.com,+1-819-344-4129,South,2023-04-16,Average
450,Danielle Lopez,tdiaz@example.org,+1-903-287-5571x6757,East,2019-12-31,Developing
451,Pamela Warner,boconnor@example.net,(790)563-0796x6992,East,2021-03-23,High Performer
452,Nicholas Ramos,anna44@example.org,(932)499-4340,South,2017-07-30,Average
453,Mathew Clark DDS,yjoseph@example.org,614-950-2330,North,2021-11-02,Top Performer
454,Catherine Cortez,lflores@example.net,960.798.3026,North,2021-10-09,Top Performer
455,David Fox,rebecca69@example.net,(299)299-3671x73648,North,2022-10-04,Average
456,Robert Fernandez,marcuschaney@example.net,932-507-8438,West,2017-12-17,Top Performer
457,Patrick Davis,nicholasray@example.com,436.332.8004x8857,North,2022-03-27,Developing
458,Deborah Hoffman,delgadodouglas@example.com,001-394-771-3481x450,East,2016-09-14,Average
459,Jay Hammond,evansjennifer@example.org,580.804.5587x0215,South,2016-11-26,Top Performer
460,Ronald Riddle,clane@example.com,(581)816-4046,East,2020-03-11,Average
461,Michelle Jones,kaylasmall@example.com,001-550-699-3790,North,2018-10-05,Average
462,Heidi Blankenship,fitzgeraldmichelle@example.net,(518)414-0694x461,North,2019-06-30,Average
463,Rhonda Barnes,jessica22@example.com,355.294.5770x65403,West,2018-09-29,High Performer
464,Samantha Pennington,steven29@example.org,+1-805-638-3599x6786,South,2022-12-19,Average
465,Jeanette Stein,justin19@example.com,633-363-1305,West,2024-01-03,Average
466,Gregory Daniel,miguel47@example.net,+1-303-678-6690x4150,North,2021-08-08,High Performer
467,Jacob Bennett,eduardo41@example.com,001-471-202-9698x637,East,2017-12-06,Developing
468,Melissa Walls,katherinebuck@example.org,481.416.6826,East,2021-07-05,Average
469,Maureen Roberts,michellejoseph@example.org,001-753-597-5596x029,North,2016-06-30,Top Performer
470,Timothy Ballard MD,douglasrichards@example.org,001-234-743-1754,South,2017-07-04,Average
471,Cindy Cook,johnwright@example.com,(287)644-6519,West,2021-10-12,High Performer
472,Marcia Lyons,pjohnson@example.net,001-407-924-0003x4297,East,2023-04-11,Average
473,Hannah Wilson,melaniekelly@example.com,(281)831-9283,North,2022-06-02,High Performer
474,Jessica Turner,pattersonrobin@example.org,(263)358-3595,West,2020-04-12,Average
475,Wayne Steele,chris88@example.org,609.754.3847x4464,North,2022-07-28,Average
476,Denise Adams,luis63@example.net,8889264421,West,2016-06-27,High Performer
477,Richard Morgan,lking@example.org,001-517-697-4817x373,North,2016-05-01,High Performer
478,Sarah Jackson,hsmith@example.com,948.959.8008,South,2016-10-13,Average
479,Christopher Larson,andersonjames@example.com,(468)471-6529x99159,West,2019-04-13,Developing
480,Lucas Martinez,dramirez@example.org,555-410-2393,North,2022-05-22,Average
481,Tracy Herrera,sean85@example.net,001-725-790-9322x676,East,2024-04-21,Developing
482,Alan Bradley,dmcdonald@example.com,+1-207-994-5474x412,South,2019-02-14,High Performer
483,Elijah Browning,debbiepatton@example.com,+1-903-219-9971x017,East,2023-09-03,Top Performer
484,Matthew Hogan,angela63@example.com,001-558-523-8206,East,2017-12-26,Average
485,Barbara Kane,pamela39@example.net,459-863-8131,South,2021-07-23,Average
486,Scott Morton,watsonallison@example.org,+1-247-755-0405,East,2022-06-04,Top Performer
487,Madison Clarke,gwood@example.com,5163109437,East,2019-06-25,High Performer
488,Andrew Anderson,lwhite@example.com,541-936-1878x53054,East,2016-06-12,High Performer
489,Rachel Hill,christopher68@example.net,214-442-5098,North,2017-04-25,High Performer
490,Jimmy Haas II,tasha55@example.org,752-214-6934x38375,West,2021-04-16,Average
491,Kenneth Hurley,charles04@example.org,645-684-5530x5355,West,2023-05-26,Average
492,Bailey Carpenter,wilkersondavid@example.net,+1-335-795-4923x8018,North,2018-01-23,Average
493,Pamela Ramirez,victoria53@example.net,738.665.1827x650,East,2017-05-20,Developing
494,Mark Jenkins,simonkathryn@example.org,(587)328-5754,North,2017-10-11,High Performer
495,Anthony Taylor,rallen@example.net,7193333042,South,2024-07-04,Average
496,Timothy Robertson,jessicaburton@example.net,(776)705-6473x5692,North,2018-09-28,Developing
497,Brandi Stevens,reedstephanie@example.org,214-249-6391x1474,North,2018-04-14,Developing
498,Christopher Thomas,yoliver@example.com,783.704.9689x7178,North,2020-09-17,Developing
499,Jessica Wright,yrodriguez@example.net,5795101968,West,2015-12-17,Average
500,Jill Knight,sandra58@example.net,388-555-7222,West,2023-06-05,High Performer
